OTUs,Ecotype
OTU_1,Others
OTU_2,Generalists
OTU_3,Others
OTU_4,Others
OTU_5,Others
OTU_6,Others
OTU_7,Generalists
OTU_8,Others
OTU_9,Others
OTU_10,Others
OTU_11,Others
OTU_12,Others
OTU_13,Others
OTU_14,Others
OTU_15,Others
OTU_16,Others
OTU_17,Others
OTU_18,Others
OTU_19,Others
OTU_20,Others
OTU_21,Others
OTU_22,Others
OTU_23,Others
OTU_24,Others
OTU_25,Others
OTU_26,Others
OTU_27,Others
OTU_28,Others
OTU_29,Others
OTU_30,Specialists
OTU_31,Specialists
OTU_32,Others
OTU_33,Generalists
OTU_34,Others
OTU_35,Others
OTU_36,Others
OTU_37,Others
OTU_38,Others
OTU_39,Others
OTU_40,Others
OTU_41,Others
OTU_42,Others
OTU_43,Others
OTU_44,Others
OTU_45,Others
OTU_46,Others
OTU_47,Others
OTU_48,Others
OTU_49,Others
OTU_50,Generalists
OTU_51,Others
OTU_52,Others
OTU_53,Others
OTU_54,Others
OTU_55,Others
OTU_56,Others
OTU_57,Others
OTU_58,Others
OTU_59,Others
OTU_60,Others
OTU_61,Others
OTU_62,Others
OTU_63,Others
OTU_64,Others
OTU_65,Others
OTU_66,Others
OTU_67,Others
OTU_68,Others
OTU_69,Others
OTU_70,Others
OTU_71,Others
OTU_72,Others
OTU_73,Others
OTU_74,Others
OTU_75,Others
OTU_76,Others
OTU_77,Others
OTU_78,Others
OTU_79,Others
OTU_80,Others
OTU_81,Others
OTU_82,Others
OTU_83,Others
OTU_84,Others
OTU_85,Others
OTU_86,Others
OTU_87,Others
OTU_88,Others
OTU_89,Others
OTU_90,Others
OTU_91,Others
OTU_92,Others
OTU_93,Others
OTU_94,Others
OTU_95,Others
OTU_96,Others
OTU_97,Specialists
OTU_98,Others
OTU_99,Specialists
OTU_100,Others
OTU_101,Others
OTU_102,Others
OTU_103,Others
OTU_104,Others
OTU_105,Others
OTU_106,Others
OTU_107,Others
OTU_108,Others
OTU_109,Others
OTU_110,Others
OTU_111,Others
OTU_112,Others
OTU_113,Others
OTU_114,Others
OTU_115,Others
OTU_116,Others
OTU_117,Specialists
OTU_118,Others
OTU_119,Others
OTU_120,Others
OTU_121,Others
OTU_122,Others
OTU_123,Others
OTU_124,Specialists
OTU_125,Others
OTU_126,Others
OTU_127,Others
OTU_128,Others
OTU_129,Specialists
OTU_130,Others
OTU_131,Others
OTU_132,Others
OTU_133,Specialists
OTU_134,Others
OTU_135,Others
OTU_136,Others
OTU_137,Others
OTU_138,Others
OTU_139,Others
OTU_140,Others
OTU_141,Others
OTU_142,Others
OTU_143,Others
OTU_144,Others
OTU_145,Others
OTU_146,Others
OTU_147,Others
OTU_148,Others
OTU_149,Others
OTU_150,Specialists
OTU_151,Others
OTU_152,Others
OTU_153,Others
OTU_154,Others
OTU_155,Specialists
OTU_156,Others
OTU_157,Specialists
OTU_158,Specialists
OTU_159,Others
OTU_160,Generalists
OTU_161,Others
OTU_162,Others
OTU_163,Others
OTU_164,Others
OTU_165,Others
OTU_166,Others
OTU_167,Others
OTU_168,Others
OTU_169,Others
OTU_170,Others
OTU_171,Generalists
OTU_172,Others
OTU_173,Others
OTU_174,Others
OTU_175,Others
OTU_176,Specialists
OTU_177,Others
OTU_178,Others
OTU_179,Others
OTU_180,Others
OTU_181,Others
OTU_182,Others
OTU_183,Generalists
OTU_184,Generalists
OTU_185,Others
OTU_186,Others
OTU_187,Others
OTU_188,Others
OTU_189,Others
OTU_190,Others
OTU_191,Others
OTU_192,Others
OTU_193,Others
OTU_194,Others
OTU_195,Others
OTU_196,Others
OTU_197,Others
OTU_198,Others
OTU_199,Others
OTU_200,Others
OTU_201,Others
OTU_202,Others
OTU_203,Others
OTU_204,Generalists
OTU_205,Others
OTU_206,Others
OTU_207,Others
OTU_208,Others
OTU_209,Others
OTU_210,Others
OTU_211,Others
OTU_212,Others
OTU_213,Specialists
OTU_214,Others
OTU_215,Others
OTU_216,Others
OTU_217,Others
OTU_218,Specialists
OTU_219,Others
OTU_220,Others
OTU_221,Others
OTU_222,Others
OTU_223,Others
OTU_224,Others
OTU_225,Others
OTU_226,Specialists
OTU_227,Others
OTU_228,Others
OTU_229,Others
OTU_230,Others
OTU_231,Others
OTU_232,Others
OTU_233,Others
OTU_234,Others
OTU_235,Others
OTU_236,Others
OTU_237,Others
OTU_238,Others
OTU_239,Others
OTU_240,Others
OTU_241,Others
OTU_242,Others
OTU_243,Others
OTU_244,Others
OTU_245,Others
OTU_246,Others
OTU_247,Others
OTU_248,Others
OTU_249,Others
OTU_250,Others
OTU_251,Others
OTU_252,Others
OTU_253,Specialists
OTU_254,Generalists
OTU_255,Generalists
OTU_256,Others
OTU_257,Others
OTU_258,Others
OTU_259,Generalists
OTU_260,Others
OTU_261,Others
OTU_262,Others
OTU_263,Others
OTU_264,Others
OTU_265,Others
OTU_266,Specialists
OTU_267,Others
OTU_268,Others
OTU_269,Others
OTU_270,Others
OTU_271,Others
OTU_272,Generalists
OTU_273,Others
OTU_274,Others
OTU_275,Others
OTU_276,Others
OTU_277,Others
OTU_278,Others
OTU_279,Others
OTU_280,Others
OTU_281,Others
OTU_282,Others
OTU_283,Others
OTU_284,Generalists
OTU_285,Others
OTU_286,Others
OTU_287,Others
OTU_288,Others
OTU_289,Others
OTU_290,Others
OTU_291,Others
OTU_292,Others
OTU_293,Others
OTU_294,Others
OTU_295,Others
OTU_296,Others
OTU_297,Others
OTU_298,Others
OTU_299,Others
OTU_300,Generalists
OTU_301,Others
OTU_302,Others
OTU_303,Others
OTU_304,Others
OTU_305,Others
OTU_306,Others
OTU_307,Others
OTU_308,Others
OTU_309,Others
OTU_310,Others
OTU_311,Others
OTU_312,Others
OTU_313,Others
OTU_314,Others
OTU_315,Others
OTU_316,Others
OTU_317,Others
OTU_318,Others
OTU_319,Others
OTU_320,Others
OTU_321,Others
OTU_322,Others
OTU_323,Others
OTU_324,Others
OTU_325,Others
OTU_326,Others
OTU_327,Others
OTU_328,Others
OTU_329,Others
OTU_330,Others
OTU_331,Others
OTU_332,Others
OTU_333,Others
OTU_334,Others
OTU_335,Others
OTU_336,Others
OTU_337,Others
OTU_338,Others
OTU_339,Others
OTU_340,Generalists
OTU_341,Others
OTU_342,Generalists
OTU_343,Others
OTU_344,Others
OTU_345,Others
OTU_346,Others
OTU_347,Others
OTU_348,Others
OTU_349,Others
OTU_350,Others
OTU_351,Others
OTU_352,Others
OTU_353,Others
OTU_354,Others
OTU_355,Others
OTU_356,Others
OTU_357,Others
OTU_358,Others
OTU_359,Others
OTU_360,Others
OTU_361,Others
OTU_362,Others
OTU_363,Others
OTU_364,Generalists
OTU_365,Others
OTU_366,Others
OTU_367,Others
OTU_368,Others
OTU_369,Others
OTU_370,Others
OTU_371,Others
OTU_372,Specialists
OTU_373,Others
OTU_374,Others
OTU_375,Others
OTU_376,Others
OTU_377,Others
OTU_378,Others
OTU_379,Others
OTU_380,Others
OTU_381,Generalists
OTU_382,Others
OTU_383,Others
OTU_384,Others
OTU_385,Others
OTU_386,Others
OTU_387,Others
OTU_388,Others
OTU_389,Others
OTU_390,Generalists
OTU_391,Others
OTU_392,Others
OTU_393,Others
OTU_394,Generalists
OTU_395,Others
OTU_396,Others
OTU_397,Others
OTU_398,Others
OTU_399,Others
OTU_400,Others
OTU_401,Others
OTU_402,Others
OTU_403,Others
OTU_404,Others
OTU_405,Others
OTU_406,Others
OTU_407,Others
OTU_408,Others
OTU_409,Others
OTU_410,Others
OTU_411,Others
OTU_412,Others
OTU_413,Others
OTU_414,Others
OTU_415,Others
OTU_416,Others
OTU_417,Others
OTU_418,Generalists
OTU_419,Others
OTU_420,Specialists
OTU_421,Others
OTU_422,Others
OTU_423,Others
OTU_424,Generalists
OTU_425,Others
OTU_426,Others
OTU_427,Others
OTU_428,Others
OTU_429,Others
OTU_430,Others
OTU_431,Generalists
OTU_432,Others
OTU_433,Others
OTU_434,Others
OTU_435,Others
OTU_436,Others
OTU_437,Others
OTU_438,Others
OTU_439,Others
OTU_440,Others
OTU_441,Others
OTU_442,Others
OTU_443,Others
OTU_444,Others
OTU_445,Others
OTU_446,Others
OTU_447,Generalists
OTU_448,Others
OTU_449,Generalists
OTU_450,Others
OTU_451,Others
OTU_452,Others
OTU_453,Others
OTU_454,Others
OTU_455,Others
OTU_456,Others
OTU_457,Others
OTU_458,Others
OTU_459,Others
OTU_460,Others
OTU_461,Others
OTU_462,Specialists
OTU_463,Others
OTU_464,Others
OTU_465,Others
OTU_466,Others
OTU_467,Others
OTU_468,Others
OTU_469,Generalists
OTU_470,Others
OTU_471,Others
OTU_472,Specialists
OTU_473,Others
OTU_474,Others
OTU_475,Others
OTU_476,Others
OTU_477,Others
OTU_478,Others
OTU_479,Others
OTU_480,Others
OTU_481,Others
OTU_482,Others
OTU_483,Others
OTU_484,Others
OTU_485,Others
OTU_486,Others
OTU_487,Others
OTU_488,Others
OTU_489,Others
OTU_490,Others
OTU_491,Generalists
OTU_492,Others
OTU_493,Others
OTU_494,Others
OTU_495,Others
OTU_496,Others
OTU_497,Others
OTU_498,Others
OTU_499,Others
OTU_500,Others
OTU_501,Others
OTU_502,Others
OTU_503,Others
OTU_504,Others
OTU_505,Others
OTU_506,Others
OTU_507,Others
OTU_508,Others
OTU_509,Others
OTU_510,Others
OTU_511,Others
OTU_512,Others
OTU_513,Others
OTU_514,Others
OTU_515,Others
OTU_516,Others
OTU_517,Others
OTU_518,Others
OTU_519,Others
OTU_520,Others
OTU_521,Others
OTU_522,Others
OTU_523,Specialists
OTU_524,Others
OTU_525,Others
OTU_526,Others
OTU_527,Others
OTU_528,Others
OTU_529,Generalists
OTU_530,Others
OTU_531,Others
OTU_532,Others
OTU_533,Others
OTU_534,Others
OTU_535,Others
OTU_536,Others
OTU_537,Others
OTU_538,Others
OTU_539,Others
OTU_540,Others
OTU_541,Generalists
OTU_542,Others
OTU_543,Others
OTU_544,Others
OTU_545,Others
OTU_546,Others
OTU_547,Others
OTU_548,Others
OTU_549,Others
OTU_550,Others
OTU_551,Others
OTU_552,Generalists
OTU_553,Others
OTU_554,Others
OTU_555,Others
OTU_556,Others
OTU_557,Others
OTU_558,Others
OTU_559,Generalists
OTU_560,Others
OTU_561,Others
OTU_562,Others
OTU_563,Others
OTU_564,Others
OTU_565,Others
OTU_566,Others
OTU_567,Others
OTU_568,Others
OTU_569,Specialists
OTU_570,Others
OTU_571,Others
OTU_572,Others
OTU_573,Others
OTU_574,Specialists
OTU_575,Others
OTU_576,Others
OTU_577,Others
OTU_578,Others
OTU_579,Others
OTU_580,Others
OTU_581,Others
OTU_582,Others
OTU_583,Others
OTU_584,Others
OTU_585,Others
OTU_586,Others
OTU_587,Others
OTU_588,Others
OTU_589,Others
OTU_590,Others
OTU_591,Specialists
OTU_592,Others
OTU_593,Generalists
OTU_594,Others
OTU_595,Others
OTU_596,Generalists
OTU_597,Others
OTU_598,Others
OTU_599,Others
OTU_600,Others
OTU_601,Others
OTU_602,Others
OTU_603,Others
OTU_604,Specialists
OTU_605,Others
OTU_606,Others
OTU_607,Others
OTU_608,Others
OTU_609,Others
OTU_610,Others
OTU_611,Generalists
OTU_612,Others
OTU_613,Others
OTU_614,Others
OTU_615,Others
OTU_616,Others
OTU_617,Others
OTU_618,Others
OTU_619,Generalists
OTU_620,Others
OTU_621,Others
OTU_622,Others
OTU_623,Generalists
OTU_624,Others
OTU_625,Others
OTU_626,Others
OTU_627,Others
OTU_628,Others
OTU_629,Others
OTU_630,Others
OTU_631,Others
OTU_632,Others
OTU_633,Others
OTU_634,Others
OTU_635,Specialists
OTU_636,Others
OTU_637,Others
OTU_638,Others
OTU_639,Others
OTU_640,Generalists
OTU_641,Others
OTU_642,Others
OTU_643,Others
OTU_644,Others
OTU_645,Others
OTU_646,Others
OTU_647,Others
OTU_648,Others
OTU_649,Others
OTU_650,Others
OTU_651,Others
OTU_652,Others
OTU_653,Others
OTU_654,Others
OTU_655,Others
OTU_656,Others
OTU_657,Others
OTU_658,Others
OTU_659,Others
OTU_660,Others
OTU_661,Others
OTU_662,Others
OTU_663,Others
OTU_664,Others
OTU_665,Others
OTU_666,Others
OTU_667,Others
OTU_668,Others
OTU_669,Others
OTU_670,Others
OTU_671,Others
OTU_672,Others
OTU_673,Others
OTU_674,Others
OTU_675,Specialists
OTU_676,Others
OTU_677,Others
OTU_678,Others
OTU_679,Others
OTU_680,Others
OTU_681,Others
OTU_682,Specialists
OTU_683,Others
OTU_684,Others
OTU_685,Others
OTU_686,Others
OTU_687,Others
OTU_688,Others
OTU_689,Others
OTU_690,Others
OTU_691,Others
OTU_692,Others
OTU_693,Others
OTU_694,Others
OTU_695,Others
OTU_696,Others
OTU_697,Others
OTU_698,Specialists
OTU_699,Others
OTU_700,Others
OTU_701,Others
OTU_702,Others
OTU_703,Others
OTU_704,Others
OTU_705,Others
OTU_706,Others
OTU_707,Others
OTU_708,Others
OTU_709,Others
OTU_710,Others
OTU_711,Others
OTU_712,Specialists
OTU_713,Others
OTU_714,Others
OTU_715,Others
OTU_716,Others
OTU_717,Others
OTU_718,Others
OTU_719,Others
OTU_720,Others
OTU_721,Others
OTU_722,Others
OTU_723,Generalists
OTU_724,Others
OTU_725,Others
OTU_726,Others
OTU_727,Others
OTU_728,Others
OTU_729,Others
OTU_730,Others
OTU_731,Others
OTU_732,Generalists
OTU_733,Others
OTU_734,Generalists
OTU_735,Others
OTU_736,Others
OTU_737,Specialists
OTU_738,Others
OTU_739,Others
OTU_740,Others
OTU_741,Others
OTU_742,Specialists
OTU_743,Others
OTU_744,Others
OTU_745,Others
OTU_746,Others
OTU_747,Others
OTU_748,Others
OTU_749,Others
OTU_750,Others
OTU_751,Generalists
OTU_752,Generalists
OTU_753,Others
OTU_754,Others
OTU_755,Others
OTU_756,Others
OTU_757,Others
OTU_758,Others
OTU_759,Others
OTU_760,Specialists
OTU_761,Others
OTU_762,Others
OTU_763,Others
OTU_764,Others
OTU_765,Others
OTU_766,Others
OTU_767,Others
OTU_768,Others
OTU_769,Others
OTU_770,Specialists
OTU_771,Others
OTU_772,Others
OTU_773,Others
OTU_774,Others
OTU_775,Others
OTU_776,Others
OTU_777,Others
OTU_778,Others
OTU_779,Others
OTU_780,Others
OTU_781,Generalists
OTU_782,Others
OTU_783,Others
OTU_784,Others
OTU_785,Others
OTU_786,Others
OTU_787,Others
OTU_788,Others
OTU_789,Others
OTU_790,Others
OTU_791,Specialists
OTU_792,Others
OTU_793,Others
OTU_794,Others
OTU_795,Others
OTU_796,Others
OTU_797,Others
OTU_798,Others
OTU_799,Others
OTU_800,Others
OTU_801,Others
OTU_802,Specialists
OTU_803,Specialists
OTU_804,Others
OTU_805,Others
OTU_806,Others
OTU_807,Generalists
OTU_808,Others
OTU_809,Others
OTU_810,Others
OTU_811,Generalists
OTU_812,Others
OTU_813,Others
OTU_814,Others
OTU_815,Others
OTU_816,Others
OTU_817,Others
OTU_818,Others
OTU_819,Others
OTU_820,Others
OTU_821,Others
OTU_822,Others
OTU_823,Others
OTU_824,Others
OTU_825,Others
OTU_826,Others
OTU_827,Others
OTU_828,Others
OTU_829,Generalists
OTU_830,Others
OTU_831,Others
OTU_832,Specialists
OTU_833,Others
OTU_834,Others
OTU_835,Others
OTU_836,Others
OTU_837,Specialists
OTU_838,Others
OTU_839,Others
OTU_840,Others
OTU_841,Others
OTU_842,Others
OTU_843,Generalists
OTU_844,Others
OTU_845,Others
OTU_846,Others
OTU_847,Others
OTU_848,Others
OTU_849,Others
OTU_850,Others
OTU_851,Others
OTU_852,Others
OTU_853,Others
OTU_854,Others
OTU_855,Specialists
OTU_856,Others
OTU_857,Others
OTU_858,Others
OTU_859,Specialists
OTU_860,Others
OTU_861,Others
OTU_862,Others
OTU_863,Others
OTU_864,Others
OTU_865,Others
OTU_866,Others
OTU_867,Others
OTU_868,Others
OTU_869,Others
OTU_870,Others
OTU_871,Others
OTU_872,Others
OTU_873,Others
OTU_874,Others
OTU_875,Others
OTU_876,Others
OTU_877,Others
OTU_878,Others
OTU_879,Others
OTU_880,Others
OTU_881,Others
OTU_882,Others
OTU_883,Others
OTU_884,Specialists
OTU_885,Others
OTU_886,Others
OTU_887,Others
OTU_888,Others
OTU_889,Specialists
OTU_890,Others
OTU_891,Others
OTU_892,Others
OTU_893,Others
OTU_894,Others
OTU_895,Others
OTU_896,Others
OTU_897,Others
OTU_898,Others
OTU_899,Others
OTU_900,Generalists
OTU_901,Others
OTU_902,Others
OTU_903,Others
OTU_904,Specialists
OTU_905,Others
OTU_906,Others
OTU_907,Others
OTU_908,Specialists
OTU_909,Others
OTU_910,Others
OTU_911,Others
OTU_912,Others
OTU_913,Others
OTU_914,Others
OTU_915,Others
OTU_916,Specialists
OTU_917,Others
OTU_918,Others
OTU_919,Others
OTU_920,Others
OTU_921,Others
OTU_922,Others
OTU_923,Others
OTU_924,Others
OTU_925,Generalists
OTU_926,Others
OTU_927,Generalists
OTU_928,Others
OTU_929,Others
OTU_930,Others
OTU_931,Others
OTU_932,Others
OTU_933,Others
OTU_934,Others
OTU_935,Others
OTU_936,Others
OTU_937,Others
OTU_938,Others
OTU_939,Others
OTU_940,Others
OTU_941,Others
OTU_942,Others
OTU_943,Generalists
OTU_944,Others
OTU_945,Others
OTU_946,Others
OTU_947,Others
OTU_948,Others
OTU_949,Others
OTU_950,Others
OTU_951,Others
OTU_952,Others
OTU_953,Others
OTU_954,Others
OTU_955,Others
OTU_956,Specialists
OTU_957,Others
OTU_958,Others
OTU_959,Others
OTU_960,Others
OTU_961,Others
OTU_962,Others
OTU_963,Others
OTU_964,Specialists
OTU_965,Others
OTU_966,Others
OTU_967,Others
OTU_968,Others
OTU_969,Others
OTU_970,Generalists
OTU_971,Others
OTU_972,Generalists
OTU_973,Others
OTU_974,Others
OTU_975,Others
OTU_976,Others
OTU_977,Others
OTU_978,Specialists
OTU_979,Generalists
OTU_980,Others
OTU_981,Specialists
OTU_982,Others
OTU_983,Others
OTU_984,Others
OTU_985,Others
OTU_986,Others
OTU_987,Others
OTU_988,Others
OTU_989,Others
OTU_990,Others
OTU_991,Others
OTU_992,Others
OTU_993,Others
OTU_994,Others
OTU_995,Others
OTU_996,Others
OTU_997,Others
OTU_998,Generalists
OTU_999,Generalists
OTU_1000,Others
OTU_1001,Others
OTU_1002,Others
OTU_1003,Others
OTU_1004,Others
OTU_1005,Others
OTU_1006,Others
OTU_1007,Others
OTU_1008,Others
OTU_1009,Others
OTU_1010,Others
OTU_1011,Others
OTU_1012,Specialists
OTU_1013,Others
OTU_1014,Others
OTU_1015,Others
OTU_1016,Others
OTU_1017,Others
OTU_1018,Specialists
OTU_1019,Others
OTU_1020,Others
OTU_1021,Others
OTU_1022,Specialists
OTU_1023,Others
OTU_1024,Others
OTU_1025,Others
OTU_1026,Others
OTU_1027,Specialists
OTU_1028,Others
OTU_1029,Others
OTU_1030,Others
OTU_1031,Others
OTU_1032,Others
OTU_1033,Generalists
OTU_1034,Others
OTU_1035,Others
OTU_1036,Others
OTU_1037,Others
OTU_1038,Others
OTU_1039,Specialists
OTU_1040,Others
OTU_1041,Others
OTU_1042,Others
OTU_1043,Generalists
OTU_1044,Others
OTU_1045,Others
OTU_1046,Others
OTU_1047,Others
OTU_1048,Others
OTU_1049,Others
OTU_1050,Others
OTU_1051,Others
OTU_1052,Others
OTU_1053,Specialists
OTU_1054,Others
OTU_1055,Generalists
OTU_1056,Specialists
OTU_1057,Others
OTU_1058,Others
OTU_1059,Others
OTU_1060,Others
OTU_1061,Generalists
OTU_1062,Others
OTU_1063,Specialists
OTU_1064,Others
OTU_1065,Others
OTU_1066,Others
OTU_1067,Others
OTU_1068,Others
OTU_1069,Others
OTU_1070,Others
OTU_1071,Others
OTU_1072,Others
OTU_1073,Others
OTU_1074,Generalists
OTU_1075,Others
OTU_1076,Others
OTU_1077,Others
OTU_1078,Others
OTU_1079,Others
OTU_1080,Others
OTU_1081,Others
OTU_1082,Others
OTU_1083,Others
OTU_1084,Others
OTU_1085,Others
OTU_1086,Others
OTU_1087,Others
OTU_1088,Others
OTU_1089,Others
OTU_1090,Others
OTU_1091,Others
OTU_1092,Generalists
OTU_1093,Others
OTU_1094,Others
OTU_1095,Others
OTU_1096,Others
OTU_1097,Others
OTU_1098,Others
OTU_1099,Others
OTU_1100,Others
OTU_1101,Others
OTU_1102,Others
OTU_1103,Generalists
OTU_1104,Others
OTU_1105,Others
OTU_1106,Others
OTU_1107,Others
OTU_1108,Specialists
OTU_1109,Others
OTU_1110,Others
OTU_1111,Others
OTU_1112,Others
OTU_1113,Others
OTU_1114,Others
OTU_1115,Others
OTU_1116,Others
OTU_1117,Others
OTU_1118,Generalists
OTU_1119,Others
OTU_1120,Generalists
OTU_1121,Others
OTU_1122,Others
OTU_1123,Specialists
OTU_1124,Others
OTU_1125,Others
OTU_1126,Others
OTU_1127,Others
OTU_1128,Others
OTU_1129,Others
OTU_1130,Others
OTU_1131,Others
OTU_1132,Others
OTU_1133,Others
OTU_1134,Others
OTU_1135,Others
OTU_1136,Others
OTU_1137,Others
OTU_1138,Others
OTU_1139,Others
OTU_1140,Others
OTU_1141,Others
OTU_1142,Others
OTU_1143,Others
OTU_1144,Others
OTU_1145,Others
OTU_1146,Others
OTU_1147,Others
OTU_1148,Specialists
OTU_1149,Others
OTU_1150,Others
OTU_1151,Others
OTU_1152,Others
OTU_1153,Generalists
OTU_1154,Others
OTU_1155,Others
OTU_1156,Others
OTU_1157,Others
OTU_1158,Others
OTU_1159,Others
OTU_1160,Others
OTU_1161,Others
OTU_1162,Others
OTU_1163,Others
OTU_1164,Others
OTU_1165,Others
OTU_1166,Others
OTU_1167,Others
OTU_1168,Others
OTU_1169,Others
OTU_1170,Others
OTU_1171,Others
OTU_1172,Others
OTU_1173,Others
OTU_1174,Others
OTU_1175,Others
OTU_1176,Others
OTU_1177,Others
OTU_1178,Others
OTU_1179,Others
OTU_1180,Others
OTU_1181,Others
OTU_1182,Others
OTU_1183,Specialists
OTU_1184,Specialists
OTU_1185,Others
OTU_1186,Others
OTU_1187,Others
OTU_1188,Others
OTU_1189,Others
OTU_1190,Others
OTU_1191,Others
OTU_1192,Others
OTU_1193,Others
OTU_1194,Others
OTU_1195,Others
OTU_1196,Others
OTU_1197,Others
OTU_1198,Others
OTU_1199,Others
OTU_1200,Others
OTU_1201,Others
OTU_1202,Others
OTU_1203,Others
OTU_1204,Others
OTU_1205,Others
OTU_1206,Others
OTU_1207,Specialists
OTU_1208,Others
OTU_1209,Others
OTU_1210,Others
OTU_1211,Others
OTU_1212,Others
OTU_1213,Others
OTU_1214,Others
OTU_1215,Others
OTU_1216,Others
OTU_1217,Others
OTU_1218,Others
OTU_1219,Others
OTU_1220,Others
OTU_1221,Others
OTU_1222,Others
OTU_1223,Others
OTU_1224,Others
OTU_1225,Others
OTU_1226,Others
OTU_1227,Others
OTU_1228,Others
OTU_1229,Others
OTU_1230,Others
OTU_1231,Others
OTU_1232,Others
OTU_1233,Others
OTU_1234,Others
OTU_1235,Others
OTU_1236,Others
OTU_1237,Others
OTU_1238,Others
OTU_1239,Others
OTU_1240,Others
OTU_1241,Others
OTU_1242,Others
OTU_1243,Others
OTU_1244,Others
OTU_1245,Others
OTU_1246,Specialists
OTU_1247,Others
OTU_1248,Others
OTU_1249,Generalists
OTU_1250,Others
OTU_1251,Others
OTU_1252,Others
OTU_1253,Others
OTU_1254,Generalists
OTU_1255,Others
OTU_1256,Others
OTU_1257,Others
OTU_1258,Others
OTU_1259,Others
OTU_1260,Others
OTU_1261,Others
OTU_1262,Others
OTU_1263,Generalists
OTU_1264,Others
OTU_1265,Others
OTU_1266,Others
OTU_1267,Others
OTU_1268,Others
OTU_1269,Others
OTU_1270,Others
OTU_1271,Others
OTU_1272,Specialists
OTU_1273,Others
OTU_1274,Others
OTU_1275,Others
OTU_1276,Others
OTU_1277,Others
OTU_1278,Others
OTU_1279,Others
OTU_1280,Others
OTU_1281,Others
OTU_1282,Others
OTU_1283,Others
OTU_1284,Others
OTU_1285,Others
OTU_1286,Others
OTU_1287,Others
OTU_1288,Others
OTU_1289,Others
OTU_1290,Others
OTU_1291,Others
OTU_1292,Specialists
OTU_1293,Others
OTU_1294,Others
OTU_1295,Others
OTU_1296,Others
OTU_1297,Others
OTU_1298,Others
OTU_1299,Others
OTU_1300,Others
OTU_1301,Others
OTU_1302,Others
OTU_1303,Others
OTU_1304,Others
OTU_1305,Others
OTU_1306,Others
OTU_1307,Others
OTU_1308,Others
OTU_1309,Others
OTU_1310,Others
OTU_1311,Others
OTU_1312,Others
OTU_1313,Others
OTU_1314,Others
OTU_1315,Others
OTU_1316,Others
OTU_1317,Others
OTU_1318,Others
OTU_1319,Others
OTU_1320,Others
OTU_1321,Others
OTU_1322,Generalists
OTU_1323,Others
OTU_1324,Others
OTU_1325,Others
OTU_1326,Others
OTU_1327,Generalists
OTU_1328,Others
OTU_1329,Others
OTU_1330,Others
OTU_1331,Others
OTU_1332,Others
OTU_1333,Others
OTU_1334,Others
OTU_1335,Others
OTU_1336,Others
OTU_1337,Others
OTU_1338,Others
OTU_1339,Others
OTU_1340,Others
OTU_1341,Others
OTU_1342,Others
OTU_1343,Others
OTU_1344,Others
OTU_1345,Others
OTU_1346,Others
OTU_1347,Others
OTU_1348,Others
OTU_1349,Others
OTU_1350,Others
OTU_1351,Others
OTU_1352,Others
OTU_1353,Others
OTU_1354,Others
OTU_1355,Others
OTU_1356,Others
OTU_1357,Others
OTU_1358,Others
OTU_1359,Others
OTU_1360,Others
OTU_1361,Others
OTU_1362,Others
OTU_1363,Others
OTU_1364,Others
OTU_1365,Others
OTU_1366,Others
OTU_1367,Others
OTU_1368,Others
OTU_1369,Others
OTU_1370,Others
OTU_1371,Others
OTU_1372,Others
OTU_1373,Others
OTU_1374,Others
OTU_1375,Others
OTU_1376,Others
OTU_1377,Others
OTU_1378,Others
OTU_1379,Generalists
OTU_1380,Others
OTU_1381,Others
OTU_1382,Others
OTU_1383,Others
OTU_1384,Others
OTU_1385,Others
OTU_1386,Others
OTU_1387,Others
OTU_1388,Others
OTU_1389,Others
OTU_1390,Others
OTU_1391,Others
OTU_1392,Specialists
OTU_1393,Others
OTU_1394,Others
OTU_1395,Others
OTU_1396,Others
OTU_1397,Generalists
OTU_1398,Generalists
OTU_1399,Others
OTU_1400,Others
OTU_1401,Others
OTU_1402,Others
OTU_1403,Others
OTU_1404,Others
OTU_1405,Others
OTU_1406,Others
OTU_1407,Others
OTU_1408,Others
OTU_1409,Others
OTU_1410,Others
OTU_1411,Specialists
OTU_1412,Others
OTU_1413,Others
OTU_1414,Others
OTU_1415,Others
OTU_1416,Others
OTU_1417,Others
OTU_1418,Others
OTU_1419,Others
OTU_1420,Others
OTU_1421,Others
OTU_1422,Others
OTU_1423,Specialists
OTU_1424,Others
OTU_1425,Others
OTU_1426,Others
OTU_1427,Others
OTU_1428,Generalists
OTU_1429,Others
OTU_1430,Others
OTU_1431,Others
OTU_1432,Others
OTU_1433,Others
OTU_1434,Specialists
OTU_1435,Others
OTU_1436,Others
OTU_1437,Others
OTU_1438,Others
OTU_1439,Others
OTU_1440,Others
OTU_1441,Others
OTU_1442,Others
OTU_1443,Others
OTU_1444,Others
OTU_1445,Others
OTU_1446,Others
OTU_1447,Others
OTU_1448,Specialists
OTU_1449,Others
OTU_1450,Others
OTU_1451,Others
OTU_1452,Others
OTU_1453,Others
OTU_1454,Others
OTU_1455,Others
OTU_1456,Others
OTU_1457,Others
OTU_1458,Others
OTU_1459,Others
OTU_1460,Others
OTU_1461,Others
OTU_1462,Others
OTU_1463,Others
OTU_1464,Others
OTU_1465,Others
OTU_1466,Others
OTU_1467,Others
OTU_1468,Others
OTU_1469,Others
OTU_1470,Others
OTU_1471,Others
OTU_1472,Others
OTU_1473,Others
OTU_1474,Others
OTU_1475,Specialists
OTU_1476,Others
OTU_1477,Others
OTU_1478,Others
OTU_1479,Others
OTU_1480,Others
OTU_1481,Others
OTU_1482,Others
OTU_1483,Others
OTU_1484,Others
OTU_1485,Generalists
OTU_1486,Others
OTU_1487,Others
OTU_1488,Others
OTU_1489,Others
OTU_1490,Others
OTU_1491,Others
OTU_1492,Others
OTU_1493,Others
OTU_1494,Others
OTU_1495,Others
OTU_1496,Others
OTU_1497,Others
OTU_1498,Others
OTU_1499,Others
OTU_1500,Others
OTU_1501,Others
OTU_1502,Others
OTU_1503,Others
OTU_1504,Others
OTU_1505,Others
OTU_1506,Others
OTU_1507,Others
OTU_1508,Others
OTU_1509,Others
OTU_1510,Specialists
OTU_1511,Others
OTU_1512,Others
OTU_1513,Others
OTU_1514,Others
OTU_1515,Specialists
OTU_1516,Others
OTU_1517,Others
OTU_1518,Others
OTU_1519,Others
OTU_1520,Generalists
OTU_1521,Others
OTU_1522,Others
OTU_1523,Specialists
OTU_1524,Others
OTU_1525,Others
OTU_1526,Others
OTU_1527,Others
OTU_1528,Others
OTU_1529,Others
OTU_1530,Others
OTU_1531,Others
OTU_1532,Others
OTU_1533,Others
OTU_1534,Others
OTU_1535,Others
OTU_1536,Others
OTU_1537,Others
OTU_1538,Others
OTU_1539,Others
OTU_1540,Specialists
OTU_1541,Others
OTU_1542,Others
OTU_1543,Others
OTU_1544,Others
OTU_1545,Others
OTU_1546,Others
OTU_1547,Others
OTU_1548,Others
OTU_1549,Others
OTU_1550,Others
OTU_1551,Generalists
OTU_1552,Others
OTU_1553,Others
OTU_1554,Others
OTU_1555,Others
OTU_1556,Others
OTU_1557,Specialists
OTU_1558,Others
OTU_1559,Others
OTU_1560,Others
OTU_1561,Others
OTU_1562,Specialists
OTU_1563,Others
OTU_1564,Generalists
OTU_1565,Others
OTU_1566,Specialists
OTU_1567,Others
OTU_1568,Others
OTU_1569,Others
OTU_1570,Others
OTU_1571,Others
OTU_1572,Others
OTU_1573,Generalists
OTU_1574,Others
OTU_1575,Others
OTU_1576,Others
OTU_1577,Others
OTU_1578,Others
OTU_1579,Others
OTU_1580,Others
OTU_1581,Others
OTU_1582,Others
OTU_1583,Generalists
OTU_1584,Others
OTU_1585,Others
OTU_1586,Others
OTU_1587,Specialists
OTU_1588,Others
OTU_1589,Others
OTU_1590,Others
OTU_1591,Others
OTU_1592,Others
OTU_1593,Others
OTU_1594,Others
OTU_1595,Others
OTU_1596,Others
OTU_1597,Others
OTU_1598,Others
OTU_1599,Generalists
OTU_1600,Others
OTU_1601,Others
OTU_1602,Others
OTU_1603,Others
OTU_1604,Others
OTU_1605,Others
OTU_1606,Others
OTU_1607,Others
OTU_1608,Others
OTU_1609,Others
OTU_1610,Others
OTU_1611,Others
OTU_1612,Others
OTU_1613,Others
OTU_1614,Others
OTU_1615,Others
OTU_1616,Others
OTU_1617,Others
OTU_1618,Others
OTU_1619,Others
OTU_1620,Others
OTU_1621,Others
OTU_1622,Others
OTU_1623,Others
OTU_1624,Others
OTU_1625,Others
OTU_1626,Others
OTU_1627,Others
OTU_1628,Others
OTU_1629,Others
OTU_1630,Others
OTU_1631,Others
OTU_1632,Others
OTU_1633,Others
OTU_1634,Others
OTU_1635,Others
OTU_1636,Others
OTU_1637,Others
OTU_1638,Others
OTU_1639,Others
OTU_1640,Others
OTU_1641,Others
OTU_1642,Others
OTU_1643,Generalists
OTU_1644,Others
OTU_1645,Others
OTU_1646,Others
OTU_1647,Others
OTU_1648,Others
OTU_1649,Others
OTU_1650,Others
OTU_1651,Others
OTU_1652,Others
OTU_1653,Generalists
OTU_1654,Others
OTU_1655,Others
OTU_1656,Specialists
OTU_1657,Others
OTU_1658,Others
OTU_1659,Others
OTU_1660,Generalists
OTU_1661,Others
OTU_1662,Others
OTU_1663,Others
OTU_1664,Others
OTU_1665,Specialists
OTU_1666,Others
OTU_1667,Others
OTU_1668,Others
OTU_1669,Others
OTU_1670,Others
OTU_1671,Others
OTU_1672,Others
OTU_1673,Others
OTU_1674,Others
OTU_1675,Others
OTU_1676,Others
OTU_1677,Specialists
OTU_1678,Specialists
OTU_1679,Others
OTU_1680,Others
OTU_1681,Others
OTU_1682,Others
OTU_1683,Others
OTU_1684,Specialists
OTU_1685,Others
OTU_1686,Others
OTU_1687,Others
OTU_1688,Specialists
OTU_1689,Others
OTU_1690,Specialists
OTU_1691,Others
OTU_1692,Others
OTU_1693,Others
OTU_1694,Others
OTU_1695,Others
OTU_1696,Others
OTU_1697,Others
OTU_1698,Others
OTU_1699,Others
OTU_1700,Others
OTU_1701,Others
OTU_1702,Others
OTU_1703,Others
OTU_1704,Others
OTU_1705,Others
OTU_1706,Others
OTU_1707,Others
OTU_1708,Others
OTU_1709,Others
OTU_1710,Others
OTU_1711,Others
OTU_1712,Others
OTU_1713,Others
OTU_1714,Others
OTU_1715,Others
OTU_1716,Others
OTU_1717,Others
OTU_1718,Others
OTU_1719,Others
OTU_1720,Others
OTU_1721,Others
OTU_1722,Specialists
OTU_1723,Others
OTU_1724,Others
OTU_1725,Others
OTU_1726,Others
OTU_1727,Others
OTU_1728,Others
OTU_1729,Others
OTU_1730,Others
OTU_1731,Others
OTU_1732,Others
OTU_1733,Others
OTU_1734,Others
OTU_1735,Others
OTU_1736,Others
OTU_1737,Others
OTU_1738,Others
OTU_1739,Generalists
OTU_1740,Others
OTU_1741,Others
OTU_1742,Others
OTU_1743,Others
OTU_1744,Others
OTU_1745,Others
OTU_1746,Others
OTU_1747,Others
OTU_1748,Others
OTU_1749,Others
OTU_1750,Others
OTU_1751,Others
OTU_1752,Others
OTU_1753,Others
OTU_1754,Others
OTU_1755,Others
OTU_1756,Others
OTU_1757,Others
OTU_1758,Others
OTU_1759,Others
OTU_1760,Others
OTU_1761,Others
OTU_1762,Others
OTU_1763,Others
OTU_1764,Others
OTU_1765,Generalists
OTU_1766,Others
OTU_1767,Others
OTU_1768,Others
OTU_1769,Others
OTU_1770,Others
OTU_1771,Others
OTU_1772,Others
OTU_1773,Others
OTU_1774,Others
OTU_1775,Others
OTU_1776,Others
OTU_1777,Others
OTU_1778,Others
OTU_1779,Others
OTU_1780,Others
OTU_1781,Others
OTU_1782,Others
OTU_1783,Others
OTU_1784,Specialists
OTU_1785,Specialists
OTU_1786,Others
OTU_1787,Others
OTU_1788,Others
OTU_1789,Others
OTU_1790,Others
OTU_1791,Others
OTU_1792,Others
OTU_1793,Others
OTU_1794,Generalists
OTU_1795,Others
OTU_1796,Others
OTU_1797,Others
OTU_1798,Generalists
OTU_1799,Others
OTU_1800,Others
OTU_1801,Others
OTU_1802,Others
OTU_1803,Others
OTU_1804,Specialists
OTU_1805,Others
OTU_1806,Others
OTU_1807,Others
OTU_1808,Others
OTU_1809,Generalists
OTU_1810,Others
OTU_1811,Specialists
OTU_1812,Others
OTU_1813,Others
OTU_1814,Others
OTU_1815,Others
OTU_1816,Others
OTU_1817,Others
OTU_1818,Others
OTU_1819,Others
OTU_1820,Others
OTU_1821,Generalists
OTU_1822,Others
OTU_1823,Others
OTU_1824,Others
OTU_1825,Others
OTU_1826,Others
OTU_1827,Others
OTU_1828,Specialists
OTU_1829,Others
OTU_1830,Others
OTU_1831,Others
OTU_1832,Others
OTU_1833,Others
OTU_1834,Others
OTU_1835,Others
OTU_1836,Others
OTU_1837,Others
OTU_1838,Specialists
OTU_1839,Others
OTU_1840,Generalists
OTU_1841,Generalists
OTU_1842,Others
OTU_1843,Others
OTU_1844,Others
OTU_1845,Others
OTU_1846,Others
OTU_1847,Specialists
OTU_1848,Others
OTU_1849,Others
OTU_1850,Others
OTU_1851,Others
OTU_1852,Others
OTU_1853,Specialists
OTU_1854,Others
OTU_1855,Others
OTU_1856,Others
OTU_1857,Others
OTU_1858,Generalists
OTU_1859,Others
OTU_1860,Others
OTU_1861,Specialists
OTU_1862,Others
OTU_1863,Others
OTU_1864,Others
OTU_1865,Others
OTU_1866,Others
OTU_1867,Others
OTU_1868,Others
OTU_1869,Others
OTU_1870,Others
OTU_1871,Others
OTU_1872,Others
OTU_1873,Others
OTU_1874,Others
OTU_1875,Others
OTU_1876,Others
OTU_1877,Others
OTU_1878,Others
OTU_1879,Others
OTU_1880,Others
OTU_1881,Others
OTU_1882,Others
OTU_1883,Others
OTU_1884,Others
OTU_1885,Others
OTU_1886,Others
OTU_1887,Others
OTU_1888,Others
OTU_1889,Others
OTU_1890,Others
OTU_1891,Others
OTU_1892,Others
OTU_1893,Others
OTU_1894,Others
OTU_1895,Others
OTU_1896,Others
OTU_1897,Others
OTU_1898,Others
OTU_1899,Others
OTU_1900,Others
OTU_1901,Others
OTU_1902,Others
OTU_1903,Others
OTU_1904,Others
OTU_1905,Others
OTU_1906,Others
OTU_1907,Others
OTU_1908,Others
OTU_1909,Specialists
OTU_1910,Others
OTU_1911,Others
OTU_1912,Others
OTU_1913,Others
OTU_1914,Specialists
OTU_1915,Others
OTU_1916,Generalists
OTU_1917,Others
OTU_1918,Others
OTU_1919,Others
OTU_1920,Others
OTU_1921,Others
OTU_1922,Others
OTU_1923,Others
OTU_1924,Others
OTU_1925,Others
OTU_1926,Others
OTU_1927,Others
OTU_1928,Others
OTU_1929,Others
OTU_1930,Others
OTU_1931,Others
OTU_1932,Generalists
OTU_1933,Others
OTU_1934,Others
OTU_1935,Others
OTU_1936,Others
OTU_1937,Generalists
OTU_1938,Others
OTU_1939,Others
OTU_1940,Others
OTU_1941,Specialists
OTU_1942,Others
OTU_1943,Others
OTU_1944,Others
OTU_1945,Others
OTU_1946,Others
OTU_1947,Generalists
OTU_1948,Specialists
OTU_1949,Others
OTU_1950,Others
OTU_1951,Others
OTU_1952,Others
OTU_1953,Others
OTU_1954,Others
OTU_1955,Others
OTU_1956,Others
OTU_1957,Others
OTU_1958,Others
OTU_1959,Specialists
OTU_1960,Others
OTU_1961,Generalists
OTU_1962,Others
OTU_1963,Others
OTU_1964,Others
OTU_1965,Others
OTU_1966,Others
OTU_1967,Others
OTU_1968,Others
OTU_1969,Others
OTU_1970,Others
OTU_1971,Others
OTU_1972,Others
OTU_1973,Others
OTU_1974,Others
OTU_1975,Others
OTU_1976,Others
OTU_1977,Others
OTU_1978,Others
OTU_1979,Others
OTU_1980,Others
OTU_1981,Others
OTU_1982,Others
OTU_1983,Others
OTU_1984,Others
OTU_1985,Others
OTU_1986,Others
OTU_1987,Others
OTU_1988,Others
OTU_1989,Others
OTU_1990,Others
OTU_1991,Others
OTU_1992,Others
OTU_1993,Others
OTU_1994,Others
OTU_1995,Others
OTU_1996,Others
OTU_1997,Others
OTU_1998,Others
OTU_1999,Others
OTU_2000,Others
OTU_2001,Generalists
OTU_2002,Others
OTU_2003,Others
OTU_2004,Others
OTU_2005,Others
OTU_2006,Others
OTU_2007,Others
OTU_2008,Others
OTU_2009,Others
OTU_2010,Others
OTU_2011,Others
OTU_2012,Others
OTU_2013,Others
OTU_2014,Others
OTU_2015,Others
OTU_2016,Others
OTU_2017,Others
OTU_2018,Others
OTU_2019,Others
OTU_2020,Others
OTU_2021,Others
OTU_2022,Others
OTU_2023,Others
OTU_2024,Others
OTU_2025,Others
OTU_2026,Others
OTU_2027,Generalists
OTU_2028,Others
OTU_2029,Others
OTU_2030,Others
OTU_2031,Others
OTU_2032,Others
OTU_2033,Others
OTU_2034,Others
OTU_2035,Others
OTU_2036,Others
OTU_2037,Others
OTU_2038,Others
OTU_2039,Others
OTU_2040,Others
OTU_2041,Others
OTU_2042,Others
OTU_2043,Generalists
OTU_2044,Generalists
OTU_2045,Others
OTU_2046,Others
OTU_2047,Others
OTU_2048,Others
OTU_2049,Others
OTU_2050,Others
OTU_2051,Others
OTU_2052,Others
OTU_2053,Others
OTU_2054,Others
OTU_2055,Others
OTU_2056,Others
OTU_2057,Others
OTU_2058,Others
OTU_2059,Others
OTU_2060,Others
OTU_2061,Others
OTU_2062,Others
OTU_2063,Others
OTU_2064,Others
OTU_2065,Others
OTU_2066,Others
OTU_2067,Others
OTU_2068,Others
OTU_2069,Others
OTU_2070,Others
OTU_2071,Others
OTU_2072,Others
OTU_2073,Others
OTU_2074,Specialists
OTU_2075,Others
OTU_2076,Generalists
OTU_2077,Others
OTU_2078,Others
OTU_2079,Others
OTU_2080,Others
OTU_2081,Others
OTU_2082,Others
OTU_2083,Others
OTU_2084,Generalists
OTU_2085,Others
OTU_2086,Others
OTU_2087,Others
OTU_2088,Others
OTU_2089,Others
OTU_2090,Specialists
OTU_2091,Others
OTU_2092,Others
OTU_2093,Specialists
OTU_2094,Others
OTU_2095,Others
OTU_2096,Others
OTU_2097,Others
OTU_2098,Others
OTU_2099,Others
OTU_2100,Others
OTU_2101,Others
OTU_2102,Others
OTU_2103,Others
OTU_2104,Others
OTU_2105,Others
OTU_2106,Others
OTU_2107,Others
OTU_2108,Others
OTU_2109,Others
OTU_2110,Others
OTU_2111,Generalists
OTU_2112,Others
OTU_2113,Others
OTU_2114,Others
OTU_2115,Others
OTU_2116,Others
OTU_2117,Others
OTU_2118,Others
OTU_2119,Others
OTU_2120,Others
OTU_2121,Generalists
OTU_2122,Others
OTU_2123,Others
OTU_2124,Others
OTU_2125,Others
OTU_2126,Others
OTU_2127,Others
OTU_2128,Others
OTU_2129,Others
OTU_2130,Others
OTU_2131,Others
OTU_2132,Others
OTU_2133,Others
OTU_2134,Others
OTU_2135,Others
OTU_2136,Others
OTU_2137,Others
OTU_2138,Generalists
OTU_2139,Others
OTU_2140,Others
OTU_2141,Others
OTU_2142,Others
OTU_2143,Others
OTU_2144,Others
OTU_2145,Others
OTU_2146,Others
OTU_2147,Others
OTU_2148,Others
OTU_2149,Others
OTU_2150,Others
OTU_2151,Others
OTU_2152,Others
OTU_2153,Others
OTU_2154,Others
OTU_2155,Others
OTU_2156,Others
OTU_2157,Specialists
OTU_2158,Others
OTU_2159,Others
OTU_2160,Specialists
OTU_2161,Others
OTU_2162,Others
OTU_2163,Others
OTU_2164,Others
OTU_2165,Others
OTU_2166,Others
OTU_2167,Others
OTU_2168,Others
OTU_2169,Others
OTU_2170,Others
OTU_2171,Others
OTU_2172,Others
OTU_2173,Others
OTU_2174,Others
OTU_2175,Others
OTU_2176,Others
OTU_2177,Others
OTU_2178,Others
OTU_2179,Others
OTU_2180,Others
OTU_2181,Others
OTU_2182,Others
OTU_2183,Others
OTU_2184,Others
OTU_2185,Others
OTU_2186,Others
OTU_2187,Others
OTU_2188,Others
OTU_2189,Others
OTU_2190,Others
OTU_2191,Others
OTU_2192,Others
OTU_2193,Others
OTU_2194,Others
OTU_2195,Others
OTU_2196,Others
OTU_2197,Others
OTU_2198,Others
OTU_2199,Generalists
OTU_2200,Others
OTU_2201,Generalists
OTU_2202,Others
OTU_2203,Others
OTU_2204,Others
OTU_2205,Others
OTU_2206,Others
OTU_2207,Others
OTU_2208,Others
OTU_2209,Others
OTU_2210,Others
OTU_2211,Others
OTU_2212,Others
OTU_2213,Others
OTU_2214,Others
OTU_2215,Others
OTU_2216,Others
OTU_2217,Others
OTU_2218,Others
OTU_2219,Others
OTU_2220,Others
OTU_2221,Others
OTU_2222,Generalists
OTU_2223,Others
OTU_2224,Others
OTU_2225,Others
OTU_2226,Others
OTU_2227,Generalists
OTU_2228,Others
OTU_2229,Others
OTU_2230,Others
OTU_2231,Specialists
OTU_2232,Others
OTU_2233,Others
OTU_2234,Others
OTU_2235,Others
OTU_2236,Others
OTU_2237,Others
OTU_2238,Others
OTU_2239,Others
OTU_2240,Others
OTU_2241,Others
OTU_2242,Others
OTU_2243,Others
OTU_2244,Others
OTU_2245,Others
OTU_2246,Others
OTU_2247,Specialists
OTU_2248,Others
OTU_2249,Others
OTU_2250,Others
OTU_2251,Others
OTU_2252,Others
OTU_2253,Generalists
OTU_2254,Others
OTU_2255,Others
OTU_2256,Others
OTU_2257,Others
OTU_2258,Others
OTU_2259,Others
OTU_2260,Others
OTU_2261,Others
OTU_2262,Others
OTU_2263,Others
OTU_2264,Others
OTU_2265,Others
OTU_2266,Others
OTU_2267,Others
OTU_2268,Others
OTU_2269,Generalists
OTU_2270,Others
OTU_2271,Others
OTU_2272,Others
OTU_2273,Others
OTU_2274,Others
OTU_2275,Others
OTU_2276,Others
OTU_2277,Others
OTU_2278,Specialists
OTU_2279,Specialists
OTU_2280,Specialists
OTU_2281,Others
OTU_2282,Generalists
OTU_2283,Others
OTU_2284,Specialists
OTU_2285,Others
OTU_2286,Others
OTU_2287,Others
OTU_2288,Others
OTU_2289,Others
OTU_2290,Others
OTU_2291,Others
OTU_2292,Others
OTU_2293,Others
OTU_2294,Others
OTU_2295,Others
OTU_2296,Others
OTU_2297,Others
OTU_2298,Others
OTU_2299,Others
OTU_2300,Others
OTU_2301,Others
OTU_2302,Others
OTU_2303,Others
OTU_2304,Others
OTU_2305,Others
OTU_2306,Others
OTU_2307,Others
OTU_2308,Specialists
OTU_2309,Others
OTU_2310,Others
OTU_2311,Others
OTU_2312,Others
OTU_2313,Generalists
OTU_2314,Others
OTU_2315,Others
OTU_2316,Specialists
OTU_2317,Others
OTU_2318,Others
OTU_2319,Others
OTU_2320,Others
OTU_2321,Others
OTU_2322,Others
OTU_2323,Generalists
OTU_2324,Others
OTU_2325,Specialists
OTU_2326,Others
OTU_2327,Others
OTU_2328,Others
OTU_2329,Others
OTU_2330,Others
OTU_2331,Others
OTU_2332,Others
OTU_2333,Others
OTU_2334,Others
OTU_2335,Generalists
OTU_2336,Others
OTU_2337,Others
OTU_2338,Others
OTU_2339,Others
OTU_2340,Others
OTU_2341,Others
OTU_2342,Others
OTU_2343,Others
OTU_2344,Others
OTU_2345,Others
OTU_2346,Others
OTU_2347,Others
OTU_2348,Others
OTU_2349,Others
OTU_2350,Others
OTU_2351,Others
OTU_2352,Others
OTU_2353,Others
OTU_2354,Others
OTU_2355,Others
OTU_2356,Others
OTU_2357,Others
OTU_2358,Others
OTU_2359,Others
OTU_2360,Specialists
OTU_2361,Others
OTU_2362,Others
OTU_2363,Others
OTU_2364,Others
OTU_2365,Others
OTU_2366,Others
OTU_2367,Others
OTU_2368,Others
OTU_2369,Others
OTU_2370,Others
OTU_2371,Others
OTU_2372,Others
OTU_2373,Others
OTU_2374,Others
OTU_2375,Others
OTU_2376,Others
OTU_2377,Others
OTU_2378,Others
OTU_2379,Others
OTU_2380,Others
OTU_2381,Specialists
OTU_2382,Others
OTU_2383,Others
OTU_2384,Others
OTU_2385,Others
OTU_2386,Generalists
OTU_2387,Others
OTU_2388,Others
OTU_2389,Others
OTU_2390,Others
OTU_2391,Others
OTU_2392,Others
OTU_2393,Others
OTU_2394,Others
OTU_2395,Others
OTU_2396,Others
OTU_2397,Others
OTU_2398,Others
OTU_2399,Others
OTU_2400,Others
OTU_2401,Others
OTU_2402,Others
OTU_2403,Others
OTU_2404,Others
OTU_2405,Others
OTU_2406,Others
OTU_2407,Specialists
OTU_2408,Others
OTU_2409,Others
OTU_2410,Others
OTU_2411,Others
OTU_2412,Specialists
OTU_2413,Others
OTU_2414,Others
OTU_2415,Others
OTU_2416,Others
OTU_2417,Others
OTU_2418,Others
OTU_2419,Others
OTU_2420,Others
OTU_2421,Others
OTU_2422,Others
OTU_2423,Others
OTU_2424,Others
OTU_2425,Others
OTU_2426,Others
OTU_2427,Others
OTU_2428,Others
OTU_2429,Generalists
OTU_2430,Specialists
OTU_2431,Others
OTU_2432,Others
OTU_2433,Others
OTU_2434,Others
OTU_2435,Others
OTU_2436,Specialists
OTU_2437,Others
OTU_2438,Others
OTU_2439,Others
OTU_2440,Others
OTU_2441,Others
OTU_2442,Others
OTU_2443,Specialists
OTU_2444,Others
OTU_2445,Generalists
OTU_2446,Others
OTU_2447,Others
OTU_2448,Generalists
OTU_2449,Others
OTU_2450,Others
OTU_2451,Others
OTU_2452,Others
OTU_2453,Others
OTU_2454,Others
OTU_2455,Others
OTU_2456,Others
OTU_2457,Generalists
OTU_2458,Others
OTU_2459,Others
OTU_2460,Others
OTU_2461,Others
OTU_2462,Specialists
OTU_2463,Others
OTU_2464,Others
OTU_2465,Others
OTU_2466,Others
OTU_2467,Others
OTU_2468,Others
OTU_2469,Others
OTU_2470,Others
OTU_2471,Others
OTU_2472,Others
OTU_2473,Others
OTU_2474,Others
OTU_2475,Others
OTU_2476,Others
OTU_2477,Others
OTU_2478,Others
OTU_2479,Others
OTU_2480,Others
OTU_2481,Others
OTU_2482,Others
OTU_2483,Others
OTU_2484,Others
OTU_2485,Others
OTU_2486,Specialists
OTU_2487,Generalists
OTU_2488,Specialists
OTU_2489,Others
OTU_2490,Others
OTU_2491,Others
OTU_2492,Others
OTU_2493,Others
OTU_2494,Others
OTU_2495,Others
OTU_2496,Others
OTU_2497,Specialists
OTU_2498,Others
OTU_2499,Others
OTU_2500,Others
OTU_2501,Others
OTU_2502,Specialists
OTU_2503,Others
OTU_2504,Others
OTU_2505,Others
OTU_2506,Others
OTU_2507,Others
OTU_2508,Others
OTU_2509,Others
OTU_2510,Others
OTU_2511,Others
OTU_2512,Generalists
OTU_2513,Others
OTU_2514,Others
OTU_2515,Others
OTU_2516,Specialists
OTU_2517,Others
OTU_2518,Others
OTU_2519,Others
OTU_2520,Others
OTU_2521,Specialists
OTU_2522,Others
OTU_2523,Others
OTU_2524,Others
OTU_2525,Others
OTU_2526,Others
OTU_2527,Others
OTU_2528,Others
OTU_2529,Others
OTU_2530,Others
OTU_2531,Generalists
OTU_2532,Others
OTU_2533,Others
OTU_2534,Others
OTU_2535,Others
OTU_2536,Others
OTU_2537,Generalists
OTU_2538,Others
OTU_2539,Others
OTU_2540,Others
OTU_2541,Others
OTU_2542,Generalists
OTU_2543,Specialists
OTU_2544,Others
OTU_2545,Others
OTU_2546,Others
OTU_2547,Others
OTU_2548,Others
OTU_2549,Others
OTU_2550,Others
OTU_2551,Others
OTU_2552,Others
OTU_2553,Others
OTU_2554,Others
OTU_2555,Others
OTU_2556,Others
OTU_2557,Others
OTU_2558,Others
OTU_2559,Others
OTU_2560,Others
OTU_2561,Others
OTU_2562,Others
OTU_2563,Others
OTU_2564,Others
OTU_2565,Others
OTU_2566,Others
OTU_2567,Others
OTU_2568,Others
OTU_2569,Others
OTU_2570,Others
OTU_2571,Others
OTU_2572,Others
OTU_2573,Others
OTU_2574,Others
OTU_2575,Others
OTU_2576,Others
OTU_2577,Others
OTU_2578,Others
OTU_2579,Others
OTU_2580,Specialists
OTU_2581,Others
OTU_2582,Generalists
OTU_2583,Others
OTU_2584,Others
OTU_2585,Others
OTU_2586,Others
OTU_2587,Others
OTU_2588,Others
OTU_2589,Others
OTU_2590,Others
OTU_2591,Others
OTU_2592,Others
OTU_2593,Others
OTU_2594,Others
OTU_2595,Others
OTU_2596,Others
OTU_2597,Others
OTU_2598,Others
OTU_2599,Others
OTU_2600,Others
OTU_2601,Others
OTU_2602,Others
OTU_2603,Others
OTU_2604,Others
OTU_2605,Others
OTU_2606,Others
OTU_2607,Others
OTU_2608,Others
OTU_2609,Others
OTU_2610,Others
OTU_2611,Others
OTU_2612,Others
OTU_2613,Others
OTU_2614,Others
OTU_2615,Others
OTU_2616,Others
OTU_2617,Others
OTU_2618,Others
OTU_2619,Others
OTU_2620,Others
OTU_2621,Others
OTU_2622,Others
OTU_2623,Others
OTU_2624,Others
OTU_2625,Others
OTU_2626,Others
OTU_2627,Others
OTU_2628,Others
OTU_2629,Others
OTU_2630,Others
OTU_2631,Others
OTU_2632,Others
OTU_2633,Others
OTU_2634,Others
OTU_2635,Others
OTU_2636,Others
OTU_2637,Others
OTU_2638,Others
OTU_2639,Others
OTU_2640,Others
OTU_2641,Others
OTU_2642,Specialists
OTU_2643,Others
OTU_2644,Others
OTU_2645,Others
OTU_2646,Others
OTU_2647,Others
OTU_2648,Others
OTU_2649,Others
OTU_2650,Others
OTU_2651,Others
OTU_2652,Others
OTU_2653,Others
OTU_2654,Others
OTU_2655,Others
OTU_2656,Others
OTU_2657,Others
OTU_2658,Others
OTU_2659,Others
OTU_2660,Others
OTU_2661,Others
OTU_2662,Others
OTU_2663,Specialists
OTU_2664,Others
OTU_2665,Others
OTU_2666,Others
OTU_2667,Others
OTU_2668,Specialists
OTU_2669,Others
OTU_2670,Others
OTU_2671,Others
OTU_2672,Generalists
OTU_2673,Others
OTU_2674,Others
OTU_2675,Others
OTU_2676,Others
OTU_2677,Specialists
OTU_2678,Others
OTU_2679,Others
OTU_2680,Others
OTU_2681,Others
OTU_2682,Others
OTU_2683,Others
OTU_2684,Others
OTU_2685,Others
OTU_2686,Others
OTU_2687,Others
OTU_2688,Others
OTU_2689,Others
OTU_2690,Others
OTU_2691,Others
OTU_2692,Others
OTU_2693,Others
OTU_2694,Others
OTU_2695,Others
OTU_2696,Others
OTU_2697,Others
OTU_2698,Others
OTU_2699,Others
OTU_2700,Others
OTU_2701,Others
OTU_2702,Generalists
OTU_2703,Others
OTU_2704,Others
OTU_2705,Others
OTU_2706,Others
OTU_2707,Others
OTU_2708,Others
OTU_2709,Others
OTU_2710,Others
OTU_2711,Others
OTU_2712,Others
OTU_2713,Others
OTU_2714,Others
OTU_2715,Others
OTU_2716,Others
OTU_2717,Generalists
OTU_2718,Specialists
OTU_2719,Others
OTU_2720,Others
OTU_2721,Others
OTU_2722,Others
OTU_2723,Others
OTU_2724,Others
OTU_2725,Others
OTU_2726,Generalists
OTU_2727,Others
OTU_2728,Others
OTU_2729,Others
OTU_2730,Others
OTU_2731,Others
OTU_2732,Others
OTU_2733,Others
OTU_2734,Others
OTU_2735,Others
OTU_2736,Others
OTU_2737,Others
OTU_2738,Specialists
OTU_2739,Others
OTU_2740,Others
OTU_2741,Others
OTU_2742,Others
OTU_2743,Others
OTU_2744,Others
OTU_2745,Others
OTU_2746,Others
OTU_2747,Others
OTU_2748,Others
OTU_2749,Others
OTU_2750,Others
OTU_2751,Others
OTU_2752,Others
OTU_2753,Others
OTU_2754,Others
OTU_2755,Others
OTU_2756,Others
OTU_2757,Others
OTU_2758,Others
OTU_2759,Others
OTU_2760,Others
OTU_2761,Others
OTU_2762,Others
OTU_2763,Others
OTU_2764,Others
OTU_2765,Specialists
OTU_2766,Others
OTU_2767,Others
OTU_2768,Others
OTU_2769,Others
OTU_2770,Specialists
OTU_2771,Others
OTU_2772,Others
OTU_2773,Others
OTU_2774,Others
OTU_2775,Generalists
OTU_2776,Others
OTU_2777,Others
OTU_2778,Others
OTU_2779,Others
OTU_2780,Others
OTU_2781,Others
OTU_2782,Others
OTU_2783,Others
OTU_2784,Others
OTU_2785,Others
OTU_2786,Generalists
OTU_2787,Others
OTU_2788,Others
OTU_2789,Others
OTU_2790,Others
OTU_2791,Others
OTU_2792,Others
OTU_2793,Others
OTU_2794,Others
OTU_2795,Others
OTU_2796,Others
OTU_2797,Others
OTU_2798,Others
OTU_2799,Others
OTU_2800,Others
OTU_2801,Others
OTU_2802,Others
OTU_2803,Others
OTU_2804,Others
OTU_2805,Others
OTU_2806,Others
OTU_2807,Others
OTU_2808,Others
OTU_2809,Generalists
OTU_2810,Specialists
OTU_2811,Others
OTU_2812,Others
OTU_2813,Others
OTU_2814,Others
OTU_2815,Specialists
OTU_2816,Others
OTU_2817,Others
OTU_2818,Others
OTU_2819,Others
OTU_2820,Others
OTU_2821,Others
OTU_2822,Others
OTU_2823,Others
OTU_2824,Others
OTU_2825,Others
OTU_2826,Others
OTU_2827,Others
OTU_2828,Others
OTU_2829,Others
OTU_2830,Others
OTU_2831,Specialists
OTU_2832,Others
OTU_2833,Specialists
OTU_2834,Generalists
OTU_2835,Others
OTU_2836,Others
OTU_2837,Others
OTU_2838,Others
OTU_2839,Others
OTU_2840,Generalists
OTU_2841,Others
OTU_2842,Others
OTU_2843,Others
OTU_2844,Others
OTU_2845,Others
OTU_2846,Others
OTU_2847,Generalists
OTU_2848,Others
OTU_2849,Specialists
OTU_2850,Others
OTU_2851,Others
OTU_2852,Others
OTU_2853,Others
OTU_2854,Others
OTU_2855,Others
OTU_2856,Others
OTU_2857,Others
OTU_2858,Others
OTU_2859,Others
OTU_2860,Others
OTU_2861,Others
OTU_2862,Others
OTU_2863,Others
OTU_2864,Others
OTU_2865,Others
OTU_2866,Others
OTU_2867,Others
OTU_2868,Others
OTU_2869,Others
OTU_2870,Others
OTU_2871,Others
OTU_2872,Generalists
OTU_2873,Others
OTU_2874,Others
OTU_2875,Others
OTU_2876,Others
OTU_2877,Others
OTU_2878,Others
OTU_2879,Others
OTU_2880,Others
OTU_2881,Others
OTU_2882,Others
OTU_2883,Others
OTU_2884,Others
OTU_2885,Others
OTU_2886,Others
OTU_2887,Others
OTU_2888,Generalists
OTU_2889,Others
OTU_2890,Others
OTU_2891,Others
OTU_2892,Others
OTU_2893,Others
OTU_2894,Others
OTU_2895,Others
OTU_2896,Generalists
OTU_2897,Others
OTU_2898,Specialists
OTU_2899,Generalists
OTU_2900,Others
OTU_2901,Others
OTU_2902,Others
OTU_2903,Others
OTU_2904,Generalists
OTU_2905,Others
OTU_2906,Specialists
OTU_2907,Others
OTU_2908,Others
OTU_2909,Others
OTU_2910,Others
OTU_2911,Others
OTU_2912,Others
OTU_2913,Others
OTU_2914,Others
OTU_2915,Others
OTU_2916,Others
OTU_2917,Specialists
OTU_2918,Others
OTU_2919,Specialists
OTU_2920,Others
OTU_2921,Others
OTU_2922,Others
OTU_2923,Others
OTU_2924,Others
OTU_2925,Others
OTU_2926,Others
OTU_2927,Others
OTU_2928,Others
OTU_2929,Others
OTU_2930,Others
OTU_2931,Others
OTU_2932,Specialists
OTU_2933,Others
OTU_2934,Others
OTU_2935,Others
OTU_2936,Others
OTU_2937,Others
OTU_2938,Others
OTU_2939,Others
OTU_2940,Others
OTU_2941,Others
OTU_2942,Others
OTU_2943,Others
OTU_2944,Others
OTU_2945,Others
OTU_2946,Others
OTU_2947,Others
OTU_2948,Others
OTU_2949,Others
OTU_2950,Others
OTU_2951,Others
OTU_2952,Others
OTU_2953,Others
OTU_2954,Others
OTU_2955,Others
OTU_2956,Generalists
OTU_2957,Others
OTU_2958,Others
OTU_2959,Generalists
OTU_2960,Others
OTU_2961,Specialists
OTU_2962,Others
OTU_2963,Others
OTU_2964,Others
OTU_2965,Others
OTU_2966,Others
OTU_2967,Generalists
OTU_2968,Others
OTU_2969,Others
OTU_2970,Others
OTU_2971,Others
OTU_2972,Others
OTU_2973,Others
OTU_2974,Others
OTU_2975,Others
OTU_2976,Others
OTU_2977,Others
OTU_2978,Others
OTU_2979,Others
OTU_2980,Others
OTU_2981,Others
OTU_2982,Others
OTU_2983,Others
OTU_2984,Others
OTU_2985,Others
OTU_2986,Others
OTU_2987,Others
OTU_2988,Others
OTU_2989,Others
OTU_2990,Others
OTU_2991,Others
OTU_2992,Others
OTU_2993,Others
OTU_2994,Others
OTU_2995,Others
OTU_2996,Others
OTU_2997,Others
OTU_2998,Others
OTU_2999,Others
OTU_3000,Specialists
OTU_3001,Others
OTU_3002,Others
OTU_3003,Others
OTU_3004,Others
OTU_3005,Others
OTU_3006,Others
OTU_3007,Others
OTU_3008,Others
OTU_3009,Others
OTU_3010,Others
OTU_3011,Others
OTU_3012,Others
OTU_3013,Others
OTU_3014,Others
OTU_3015,Others
OTU_3016,Others
OTU_3017,Generalists
OTU_3018,Others
OTU_3019,Others
OTU_3020,Others
OTU_3021,Others
OTU_3022,Specialists
OTU_3023,Others
OTU_3024,Others
OTU_3025,Others
OTU_3026,Others
OTU_3027,Others
OTU_3028,Others
OTU_3029,Others
OTU_3030,Others
OTU_3031,Others
OTU_3032,Others
OTU_3033,Generalists
OTU_3034,Others
OTU_3035,Others
OTU_3036,Others
OTU_3037,Others
OTU_3038,Others
OTU_3039,Others
OTU_3040,Others
OTU_3041,Others
OTU_3042,Others
OTU_3043,Others
OTU_3044,Others
OTU_3045,Others
OTU_3046,Others
OTU_3047,Others
OTU_3048,Others
OTU_3049,Generalists
OTU_3050,Others
OTU_3051,Others
OTU_3052,Others
OTU_3053,Others
OTU_3054,Specialists
OTU_3055,Others
OTU_3056,Others
OTU_3057,Others
OTU_3058,Generalists
OTU_3059,Others
OTU_3060,Others
OTU_3061,Others
OTU_3062,Others
OTU_3063,Others
OTU_3064,Others
OTU_3065,Others
OTU_3066,Others
OTU_3067,Others
OTU_3068,Others
OTU_3069,Others
OTU_3070,Others
OTU_3071,Others
OTU_3072,Others
OTU_3073,Generalists
OTU_3074,Others
OTU_3075,Others
OTU_3076,Others
OTU_3077,Others
OTU_3078,Others
OTU_3079,Others
OTU_3080,Others
OTU_3081,Others
OTU_3082,Others
OTU_3083,Others
OTU_3084,Others
OTU_3085,Others
OTU_3086,Others
OTU_3087,Others
OTU_3088,Others
OTU_3089,Others
OTU_3090,Others
OTU_3091,Others
OTU_3092,Others
OTU_3093,Others
OTU_3094,Others
OTU_3095,Others
OTU_3096,Others
OTU_3097,Others
OTU_3098,Others
OTU_3099,Others
OTU_3100,Others
OTU_3101,Others
OTU_3102,Others
OTU_3103,Others
OTU_3104,Generalists
OTU_3105,Others
OTU_3106,Others
OTU_3107,Others
OTU_3108,Others
OTU_3109,Others
OTU_3110,Others
OTU_3111,Others
OTU_3112,Others
OTU_3113,Others
OTU_3114,Others
OTU_3115,Others
OTU_3116,Others
OTU_3117,Others
OTU_3118,Others
OTU_3119,Others
OTU_3120,Others
OTU_3121,Others
OTU_3122,Others
OTU_3123,Others
OTU_3124,Others
OTU_3125,Others
OTU_3126,Others
OTU_3127,Others
OTU_3128,Others
OTU_3129,Generalists
OTU_3130,Others
OTU_3131,Others
OTU_3132,Others
OTU_3133,Others
OTU_3134,Others
OTU_3135,Others
OTU_3136,Others
OTU_3137,Others
OTU_3138,Others
OTU_3139,Others
OTU_3140,Others
OTU_3141,Others
OTU_3142,Specialists
OTU_3143,Others
OTU_3144,Others
OTU_3145,Generalists
OTU_3146,Others
OTU_3147,Others
OTU_3148,Others
OTU_3149,Others
OTU_3150,Others
OTU_3151,Others
OTU_3152,Specialists
OTU_3153,Others
OTU_3154,Others
OTU_3155,Others
OTU_3156,Others
OTU_3157,Others
OTU_3158,Others